{
  "mapping_info": {
    "vmapper_version": "1.0.7-SNAPSHOT",
    "mapping_author": "",
    "source_url": ""
  },
  "dataset_metadata": {},
  "agmip_translation_mappings": {
    "relations": [
      {
        "from": {
          "file": "UFGA8201_MZX_management.xlsx",
          "sheet": "Treatments",
          "table_index": 1,
          "keys": [
            {
              "column_header": "TRTNO",
              "column_index": 1,
              "unit": "number",
              "icasa": "TRTNO",
              "description": "Treatment number"
            }
          ]
        },
        "to": {
          "file": "UFGA8201_MZX_observed.xlsx",
          "sheet": "SummaryObs",
          "table_index": 1,
          "keys": [
            {
              "column_header": "TRTNO",
              "column_index": 1,
              "unit": "number",
              "icasa": "TRTNO"
            }
          ]
        }
      },
      {
        "from": {
          "file": "UFGA8201_MZX_management.xlsx",
          "sheet": "Treatments",
          "table_index": 1,
          "keys": [
            {
              "column_header": "TRTNO",
              "column_index": 1,
              "unit": "number",
              "icasa": "TRTNO",
              "description": "Treatment number"
            }
          ]
        },
        "to": {
          "file": "UFGA8201_MZX_observed.xlsx",
          "sheet": "TimeSeriesObs",
          "table_index": 1,
          "keys": [
            {
              "column_header": "TRTNO",
              "column_index": 1,
              "unit": "number",
              "icasa": "TRTNO"
            }
          ]
        }
      },
      {
        "from": {
          "file": "UFGA8201_MZX_management.xlsx",
          "sheet": "Treatments",
          "table_index": 1,
          "keys": [
            {
              "column_header": "IR",
              "column_index": 3,
              "unit": "index",
              "icasa": "IR"
            }
          ]
        },
        "to": {
          "file": "UFGA8201_MZX_management.xlsx",
          "sheet": "Irrigation",
          "table_index": 1,
          "keys": [
            {
              "column_header": "IR",
              "column_index": 1,
              "unit": "index",
              "icasa": "IR"
            }
          ]
        }
      },
      {
        "from": {
          "file": "UFGA8201_MZX_management.xlsx",
          "sheet": "Treatments",
          "table_index": 1,
          "keys": [
            {
              "column_header": "FE",
              "column_index": 4,
              "unit": "index",
              "icasa": "FE"
            }
          ]
        },
        "to": {
          "file": "UFGA8201_MZX_management.xlsx",
          "sheet": "Fertilizer",
          "table_index": 1,
          "keys": [
            {
              "column_header": "FE",
              "column_index": 1,
              "unit": "index",
              "icasa": "FE"
            }
          ]
        }
      },
      {
        "from": {
          "file": "UFGA8201_MZX_management.xlsx",
          "sheet": "Treatments",
          "table_index": 1,
          "keys": [
            {
              "column_header": "IC",
              "column_index": 5,
              "unit": "index",
              "icasa": "IC"
            }
          ]
        },
        "to": {
          "file": "UFGA8201_MZX_management.xlsx",
          "sheet": "Init-Surface",
          "table_index": 1,
          "keys": [
            {
              "column_header": "IC",
              "column_index": 1,
              "unit": "index",
              "icasa": "IC"
            }
          ]
        }
      },
      {
        "from": {
          "file": "UFGA8201_MZX_management.xlsx",
          "sheet": "Treatments",
          "table_index": 1,
          "keys": [
            {
              "column_header": "IC",
              "column_index": 5,
              "unit": "index",
              "icasa": "IC"
            }
          ]
        },
        "to": {
          "file": "UFGA8201_MZX_management.xlsx",
          "sheet": "Init-Soil",
          "table_index": 1,
          "keys": [
            {
              "column_header": "IC",
              "column_index": 1,
              "unit": "index",
              "icasa": "IC"
            }
          ]
        }
      },
      {
        "from": {
          "file": "UFGA8201_MZX_management.xlsx",
          "sheet": "Treatments",
          "table_index": 1
        },
        "to": {
          "file": "UFGA8201_MZX_soil.xlsx",
          "sheet": "Soil-surface",
          "table_index": 1
        }
      },
      {
        "from": {
          "file": "UFGA8201_MZX_management.xlsx",
          "sheet": "Treatments",
          "table_index": 1
        },
        "to": {
          "file": "UFGA8201_MZX_weather.xlsx",
          "sheet": "WSTA-metadata",
          "table_index": 1
        }
      },
      {
        "from": {
          "file": "UFGA8201_MZX_management.xlsx",
          "sheet": "Treatments",
          "table_index": 1
        },
        "to": {
          "file": "UFGA8201_MZX_management.xlsx",
          "sheet": "Experiment",
          "table_index": 1
        }
      },
      {
        "from": {
          "file": "UFGA8201_MZX_soil.xlsx",
          "sheet": "Soil-surface",
          "table_index": 1,
          "keys": [
            {
              "column_header": "SOIL_ID",
              "column_index": 1,
              "unit": "text",
              "icasa": "SOIL_ID"
            }
          ]
        },
        "to": {
          "file": "UFGA8201_MZX_soil.xlsx",
          "sheet": "Soil-layers",
          "table_index": 1,
          "keys": [
            {
              "column_header": "SOIL_ID",
              "column_index": 1,
              "unit": "text",
              "icasa": "SOIL_ID"
            }
          ]
        }
      },
      {
        "from": {
          "file": "UFGA8201_MZX_weather.xlsx",
          "sheet": "WSTA-metadata",
          "table_index": 1,
          "keys": [
            {
              "column_header": "WST_ID",
              "column_index": 1,
              "unit": "text",
              "icasa": "WST_ID"
            }
          ]
        },
        "to": {
          "file": "UFGA8201_MZX_weather.xlsx",
          "sheet": "WSTA-daily",
          "table_index": 1,
          "keys": [
            {
              "column_header": "WST_ID",
              "column_index": 1,
              "unit": "text",
              "icasa": "WST_ID"
            }
          ]
        }
      }
    ],
    "files": [
      {
        "file": {
          "file_metadata": {
            "file_name": "UFGA8201_MZX_management.xlsx",
            "content-type": "application/vnd.openxmlformats-officedocument.spreadsheetml.sheet"
          },
          "sheets": [
            {
              "single_flg": true,
              "sheet_name": "Experiment",
              "table_index": 1,
              "mappings": [
                {
                  "column_header": "EXNAME",
                  "column_index": 1,
                  "icasa": "EXNAME",
                  "unit": "text",
                  "description": "Name of experiment"
                },
                {
                  "column_header": "PERSON",
                  "column_index": 2,
                  "unit": "text",
                  "icasa": "PERSON_NOTES",
                  "description": "Additional notes on persons involved with the experiment(s)"
                },
                {
                  "column_header": "INSTITUTION",
                  "column_index": 3,
                  "unit": "text",
                  "icasa": "INSTITUTION"
                },
                {
                  "column_header": "SITE_NAME",
                  "column_index": 4,
                  "unit": "text",
                  "icasa": "SITE_NAME"
                },
                {
                  "column_header": "EXP_NARR",
                  "column_index": 5,
                  "unit": "text",
                  "icasa": "EXP_NARR"
                },
                {
                  "column_header": "FACTORS",
                  "column_index": 6,
                  "unit": "text",
                  "icasa": "FACTORS"
                },
                {
                  "column_header": "WST_ID",
                  "column_index": 7,
                  "unit": "text",
                  "icasa": "WST_ID"
                },
                {
                  "column_header": "SOIL_ID",
                  "column_index": 8,
                  "unit": "text",
                  "icasa": "SOIL_ID"
                },
                {
                  "column_header": "Crop",
                  "column_index": 9,
                  "unit": "code",
                  "icasa": "CRID",
                  "description": "Crop (or weed) species identifier",
                  "code_mappings": {
                    "Maize": "MAZ"
                  }
                },
                {
                  "column_header": "FIELD NAME",
                  "column_index": 10,
                  "unit": "text",
                  "icasa": "FL_NAME",
                  "description": "Field name"
                },
                {
                  "column_header": "Latitude",
                  "column_index": 11,
                  "unit": "decimal_degrees",
                  "icasa": "FL_LAT",
                  "description": "Field latitude"
                },
                {
                  "column_header": "Longitude",
                  "column_index": 12,
                  "unit": "decimal_degrees",
                  "icasa": "FL_LONG",
                  "description": "Field longitude, E positive, W negative"
                },
                {
                  "column_header": "FLELE",
                  "column_index": 13,
                  "unit": "m",
                  "icasa": "FLELE"
                },
                {
                  "column_header": "PDATE",
                  "column_index": 14,
                  "unit": "date",
                  "icasa": "PDATE"
                },
                {
                  "column_header": "PLMA",
                  "column_index": 15,
                  "unit": "code",
                  "icasa": "PLMA",
                  "description": "Planting material"
                },
                {
                  "column_header": "PLDS",
                  "column_index": 16,
                  "unit": "code",
                  "icasa": "PLDS",
                  "description": "Planting distribution"
                },
                {
                  "column_header": "PLRS",
                  "column_index": 17,
                  "unit": "cm",
                  "icasa": "PLRS"
                },
                {
                  "column_header": "PLDP",
                  "column_index": 18,
                  "unit": "cm",
                  "icasa": "PLDP"
                },
                {
                  "column_header": "PLRD",
                  "column_index": 19,
                  "unit": "arc_degrees",
                  "icasa": "PLRD"
                },
                {
                  "column_header": "IREFF",
                  "column_index": 20,
                  "unit": "unitless",
                  "icasa": "IREFF"
                }
              ],
              "data_start_row": 3,
              "header_row": 1,
              "unit_row": 2
            },
            {
              "single_flg": false,
              "sheet_name": "Treatments",
              "table_index": 1,
              "mappings": [
                {
                  "column_header": "TRTNO",
                  "column_index": 1,
                  "unit": "number",
                  "icasa": "TRTNO",
                  "description": "Treatment number"
                },
                {
                  "column_header": "TRT_NAME",
                  "column_index": 2,
                  "unit": "text",
                  "icasa": "TRT_NAME"
                },
                {
                  "column_header": "IR",
                  "column_index": 3,
                  "unit": "index",
                  "icasa": "IR"
                },
                {
                  "column_header": "FE",
                  "column_index": 4,
                  "unit": "index",
                  "icasa": "FE"
                },
                {
                  "column_header": "IC",
                  "column_index": 5,
                  "unit": "index",
                  "icasa": "IC"
                }
              ],
              "data_start_row": 3,
              "header_row": 1,
              "unit_row": 2
            },
            {
              "single_flg": false,
              "sheet_name": "Irrigation",
              "table_index": 1,
              "mappings": [
                {
                  "column_header": "IR",
                  "column_index": 1,
                  "unit": "index",
                  "icasa": "IR"
                },
                {
                  "column_header": "IDATE",
                  "column_index": 2,
                  "unit": "date",
                  "icasa": "IDATE"
                },
                {
                  "column_header": "IROP",
                  "column_index": 3,
                  "unit": "code",
                  "icasa": "IROP",
                  "description": "Irrigation operation (e.g., furrow, sprinkler, drip?)"
                },
                {
                  "column_header": "IRVAL",
                  "column_index": 4,
                  "unit": "mm",
                  "icasa": "IRVAL"
                }
              ],
              "data_start_row": 3,
              "header_row": 1,
              "unit_row": 2
            },
            {
              "single_flg": false,
              "sheet_name": "Fertilizer",
              "table_index": 1,
              "mappings": [
                {
                  "column_header": "FE",
                  "column_index": 1,
                  "unit": "index",
                  "icasa": "FE"
                },
                {
                  "column_header": "FEDATE",
                  "column_index": 2,
                  "unit": "date",
                  "icasa": "FEDATE"
                },
                {
                  "column_header": "FECD",
                  "column_index": 3,
                  "unit": "code",
                  "icasa": "FECD",
                  "description": "Fertilizer material"
                },
                {
                  "column_header": "FEACD",
                  "column_index": 4,
                  "unit": "code",
                  "icasa": "FEACD",
                  "description": "Fertilizer application method"
                },
                {
                  "column_header": "FEDEP",
                  "column_index": 5,
                  "unit": "cm",
                  "icasa": "FEDEP"
                },
                {
                  "column_header": "FEAMN",
                  "column_index": 6,
                  "unit": "kg/ha",
                  "icasa": "FEAMN"
                }
              ],
              "data_start_row": 3,
              "header_row": 1,
              "unit_row": 2
            },
            {
              "single_flg": true,
              "sheet_name": "Init-Surface",
              "table_index": 1,
              "mappings": [
                {
                  "column_header": "IC",
                  "column_index": 1,
                  "unit": "index",
                  "icasa": "IC"
                },
                {
                  "column_header": "ICPCR",
                  "column_index": 2,
                  "unit": "code",
                  "icasa": "ICPCR",
                  "description": "Residue, crop code for previous crop",
                  "code_mappings": {
                    "MZ": "MAZ"
                  }
                },
                {
                  "column_header": "ICDAT",
                  "column_index": 3,
                  "unit": "date",
                  "icasa": "ICDAT"
                },
                {
                  "column_header": "ICRT",
                  "column_index": 4,
                  "unit": "kg/ha",
                  "icasa": "ICRT"
                },
                {
                  "column_header": "ICRAG",
                  "column_index": 5,
                  "unit": "kg/ha",
                  "icasa": "ICRAG"
                },
                {
                  "column_header": "ICRN",
                  "column_index": 6,
                  "unit": "%",
                  "icasa": "ICRN"
                },
                {
                  "column_header": "ICRIP",
                  "column_index": 7,
                  "unit": "%",
                  "icasa": "ICRIP"
                },
                {
                  "column_header": "ICRDP",
                  "column_index": 8,
                  "unit": "cm",
                  "icasa": "ICRDP"
                }
              ],
              "data_start_row": 3,
              "header_row": 1,
              "unit_row": 2
            },
            {
              "single_flg": false,
              "sheet_name": "Init-Soil",
              "table_index": 1,
              "mappings": [
                {
                  "column_header": "IC",
                  "column_index": 1,
                  "unit": "index",
                  "icasa": "IC"
                },
                {
                  "column_header": "ICBL",
                  "column_index": 2,
                  "unit": "cm",
                  "icasa": "ICBL"
                },
                {
                  "column_header": "ICH2O",
                  "column_index": 3,
                  "unit": "mm3/mm3",
                  "icasa": "ICH2O"
                },
                {
                  "column_header": "ICNH4",
                  "column_index": 4,
                  "unit": "ppm",
                  "icasa": "ICNH4"
                },
                {
                  "column_header": "ICNO3",
                  "column_index": 5,
                  "unit": "ppm",
                  "icasa": "ICNO3"
                }
              ],
              "data_start_row": 3,
              "header_row": 1,
              "unit_row": 2
            }
          ]
        }
      },
      {
        "file": {
          "file_metadata": {
            "file_name": "UFGA8201_MZX_observed.xlsx",
            "content-type": "application/vnd.openxmlformats-officedocument.spreadsheetml.sheet"
          },
          "sheets": [
            {
              "single_flg": false,
              "sheet_name": "SummaryObs",
              "table_index": 1,
              "mappings": [
                {
                  "column_header": "TRTNO",
                  "column_index": 1,
                  "unit": "number",
                  "icasa": "TRTNO"
                },
                {
                  "column_header": "HWAM",
                  "column_index": 2,
                  "unit": "kg/ha",
                  "icasa": "HWAM"
                },
                {
                  "column_header": "HWUM",
                  "column_index": 3,
                  "unit": "g",
                  "icasa": "HWUM"
                },
                {
                  "column_header": "H#AM",
                  "column_index": 4,
                  "unit": "number/m2",
                  "icasa": "H#AM",
                  "description": "Harvest number per area at maturity (e.g., seed or tubers)"
                },
                {
                  "column_header": "H#UM",
                  "column_index": 5,
                  "unit": "number",
                  "icasa": "H#UM"
                },
                {
                  "column_header": "LAIX",
                  "column_index": 6,
                  "unit": "m2/m2",
                  "icasa": "LAIX"
                },
                {
                  "column_header": "CWAM",
                  "column_index": 7,
                  "unit": "kg/ha",
                  "icasa": "CWAM"
                },
                {
                  "column_header": "BWAH",
                  "column_index": 8,
                  "unit": "kg/ha",
                  "icasa": "BWAH"
                },
                {
                  "column_header": "ADAT",
                  "column_index": 9,
                  "unit": "date",
                  "icasa": "ADAT"
                },
                {
                  "column_header": "MDAT",
                  "column_index": 10,
                  "unit": "date",
                  "icasa": "MDAT"
                },
                {
                  "column_header": "GN%M",
                  "column_index": 11,
                  "unit": "%",
                  "icasa": "GN%M"
                },
                {
                  "column_header": "CNAM",
                  "column_index": 12,
                  "unit": "kg/ha",
                  "icasa": "CNAM"
                },
                {
                  "column_header": "SNAM",
                  "column_index": 13,
                  "unit": "kg/ha",
                  "icasa": "SNAM"
                },
                {
                  "column_header": "GNAM",
                  "column_index": 14,
                  "unit": "kg/ha",
                  "icasa": "GNAM"
                }
              ],
              "data_start_row": 3,
              "header_row": 1,
              "unit_row": 2
            },
            {
              "single_flg": false,
              "sheet_name": "TimeSeriesObs",
              "table_index": 1,
              "mappings": [
                {
                  "column_header": "TRTNO",
                  "column_index": 1,
                  "unit": "number",
                  "icasa": "TRTNO"
                },
                {
                  "column_header": "DATE",
                  "column_index": 2,
                  "unit": "date",
                  "icasa": "DATE"
                },
                {
                  "column_header": "CWAD",
                  "column_index": 3,
                  "unit": "kg/ha",
                  "icasa": "CWAD"
                },
                {
                  "column_header": "LAID",
                  "column_index": 4,
                  "unit": "m2/m2",
                  "icasa": "LAID"
                },
                {
                  "column_header": "GWAD",
                  "column_index": 5,
                  "unit": "kg/ha",
                  "icasa": "GWAD"
                },
                {
                  "column_header": "LWAD",
                  "column_index": 6,
                  "unit": "kg/ha",
                  "icasa": "LWAD"
                },
                {
                  "column_header": "SWAD",
                  "column_index": 7,
                  "unit": "kg/ha",
                  "icasa": "SWAD"
                },
                {
                  "column_header": "VN%D",
                  "column_index": 8,
                  "unit": "%",
                  "icasa": "VN%D"
                },
                {
                  "column_header": "SLAD",
                  "column_index": 9,
                  "unit": "cm2/g",
                  "icasa": "SLAD"
                },
                {
                  "column_header": "HIAD",
                  "column_index": 10,
                  "unit": "unitless",
                  "icasa": "HIAD"
                },
                {
                  "column_header": "CNAD",
                  "column_index": 11,
                  "unit": "kg/ha",
                  "icasa": "CNAD"
                },
                {
                  "column_header": "NUPC",
                  "column_index": 12,
                  "unit": "kg/ha",
                  "icasa": "NUPC"
                },
                {
                  "column_header": "LN%D",
                  "column_index": 13,
                  "unit": "%",
                  "icasa": "LN%D"
                },
                {
                  "column_header": "SN%D",
                  "column_index": 14,
                  "unit": "%",
                  "icasa": "SN%D"
                },
                {
                  "column_header": "GN%D",
                  "column_index": 15,
                  "unit": "%",
                  "icasa": "GN%D"
                },
                {
                  "column_header": "LP%D",
                  "column_index": 16,
                  "unit": "%",
                  "icasa": "LP%D"
                },
                {
                  "column_header": "SP%D",
                  "column_index": 17,
                  "unit": "%",
                  "icasa": "SP%D"
                },
                {
                  "column_header": "GP%D",
                  "column_index": 18,
                  "unit": "%",
                  "icasa": "GP%D"
                },
                {
                  "column_header": "LK%D",
                  "column_index": 19,
                  "unit": "%",
                  "category": "2513",
                  "icasa": "LK%D",
                  "description": "K concentration in leaf",
                  "val_type": "numeric"
                },
                {
                  "column_header": "SK%D",
                  "column_index": 20,
                  "unit": "%",
                  "category": "2513",
                  "icasa": "SK%D",
                  "description": "K concentration in stem",
                  "val_type": "numeric"
                },
                {
                  "column_header": "GK%D",
                  "column_index": 21,
                  "unit": "%",
                  "category": "2513",
                  "icasa": "GK%D",
                  "description": "K concentration in grain",
                  "val_type": "numeric"
                },
                {
                  "column_header": "LNAD",
                  "column_index": 22,
                  "unit": "kg/ha",
                  "icasa": "LNAD"
                },
                {
                  "column_header": "SNAD",
                  "column_index": 23,
                  "unit": "kg/ha",
                  "icasa": "SNAD"
                },
                {
                  "column_header": "GNAD",
                  "column_index": 24,
                  "unit": "kg/ha",
                  "icasa": "GNAD"
                },
                {
                  "column_header": "LPAD",
                  "column_index": 25,
                  "unit": "kg/ha",
                  "icasa": "LPAD"
                },
                {
                  "column_header": "SPAD",
                  "column_index": 26,
                  "unit": "kg/ha",
                  "icasa": "SPAD"
                },
                {
                  "column_header": "GPAD",
                  "column_index": 27,
                  "unit": "kg/ha",
                  "icasa": "GPAD"
                },
                {
                  "column_header": "GKAD",
                  "column_index": 28,
                  "unit": "kg/ha",
                  "icasa": "GKAD"
                }
              ],
              "data_start_row": 3,
              "header_row": 1,
              "unit_row": 2
            }
          ]
        }
      },
      {
        "file": {
          "file_metadata": {
            "file_name": "UFGA8201_MZX_soil.xlsx",
            "content-type": "application/vnd.openxmlformats-officedocument.spreadsheetml.sheet"
          },
          "sheets": [
            {
              "single_flg": true,
              "sheet_name": "Soil-surface",
              "table_index": 1,
              "mappings": [
                {
                  "column_header": "SOIL_ID",
                  "column_index": 1,
                  "unit": "text",
                  "icasa": "SOIL_ID"
                },
                {
                  "column_header": "SL_SOURCE",
                  "column_index": 2,
                  "unit": "text",
                  "icasa": "SL_SOURCE"
                },
                {
                  "column_header": "SOIL DEPTH",
                  "column_index": 3,
                  "unit": "cm",
                  "icasa": "SLDP",
                  "description": "Soil depth"
                },
                {
                  "column_header": "SOIL_NAME",
                  "column_index": 4,
                  "unit": "text",
                  "icasa": "SOIL_NAME"
                },
                {
                  "column_header": "SITE",
                  "column_index": 5,
                  "unit": "text",
                  "icasa": "SOIL_SITE",
                  "description": "Name of site where soil profile data sampled"
                },
                {
                  "column_header": "COUNTRY",
                  "column_index": 6,
                  "unit": "text",
                  "icasa": "SL_LOC_1",
                  "description": "First admin for location of site for soil profile (usually country)"
                },
                {
                  "column_header": "SOIL_LAT",
                  "column_index": 7,
                  "unit": "decimal_degrees",
                  "icasa": "SOIL_LAT"
                },
                {
                  "column_header": "SOIL_LONG",
                  "column_index": 8,
                  "unit": "decimal_degrees",
                  "icasa": "SOIL_LONG"
                },
                {
                  "column_header": "CLASSIFICATION",
                  "column_index": 9,
                  "unit": "text",
                  "icasa": "CLASSIFICATION"
                },
                {
                  "column_header": "SALB",
                  "column_index": 10,
                  "unit": "fraction",
                  "icasa": "SALB"
                },
                {
                  "column_header": "SLU1",
                  "column_index": 11,
                  "unit": "mm",
                  "icasa": "SLU1"
                },
                {
                  "column_header": "SLDR",
                  "column_index": 12,
                  "unit": "fraction/day",
                  "icasa": "SLDR"
                },
                {
                  "column_header": "SLRO",
                  "column_index": 13,
                  "unit": "number",
                  "icasa": "SLRO"
                },
                {
                  "column_header": "SLNF",
                  "column_index": 14,
                  "unit": "number",
                  "icasa": "SLNF"
                },
                {
                  "column_header": "SLPF",
                  "column_index": 15,
                  "unit": "number",
                  "icasa": "SLPF"
                },
                {
                  "column_header": "SMHB",
                  "column_index": 16,
                  "unit": "code",
                  "icasa": "SMHB"
                },
                {
                  "column_header": "SMPX",
                  "column_index": 17,
                  "unit": "code",
                  "icasa": "SMPX"
                },
                {
                  "column_header": "SMKE",
                  "column_index": 18,
                  "unit": "code",
                  "icasa": "SMKE"
                }
              ],
              "data_start_row": 3,
              "header_row": 1,
              "unit_row": 2
            },
            {
              "single_flg": false,
              "sheet_name": "Soil-layers",
              "table_index": 1,
              "mappings": [
                {
                  "column_header": "SOIL_ID",
                  "column_index": 1,
                  "unit": "text",
                  "icasa": "SOIL_ID"
                },
                {
                  "column_header": "SLLB",
                  "column_index": 2,
                  "unit": "cm",
                  "icasa": "SLLB"
                },
                {
                  "column_header": "SLLL",
                  "column_index": 3,
                  "unit": "mm3/mm3",
                  "icasa": "SLLL"
                },
                {
                  "column_header": "SLDUL",
                  "column_index": 4,
                  "unit": "mm3/mm3",
                  "icasa": "SLDUL"
                },
                {
                  "column_header": "SLSAT",
                  "column_index": 5,
                  "unit": "mm3/mm3",
                  "icasa": "SLSAT"
                },
                {
                  "column_header": "SLRGF",
                  "column_index": 6,
                  "unit": "fraction",
                  "icasa": "SLRGF"
                },
                {
                  "column_header": "SLBDM",
                  "column_index": 7,
                  "unit": "g/cm3",
                  "icasa": "SLBDM"
                },
                {
                  "column_header": "SLOC",
                  "column_index": 8,
                  "unit": "g/100g",
                  "icasa": "SLOC"
                }
              ],
              "data_start_row": 3,
              "header_row": 1,
              "unit_row": 2
            }
          ]
        }
      },
      {
        "file": {
          "file_metadata": {
            "file_name": "UFGA8201_MZX_weather.xlsx",
            "content-type": "application/vnd.openxmlformats-officedocument.spreadsheetml.sheet"
          },
          "sheets": [
            {
              "single_flg": true,
              "sheet_name": "WSTA-metadata",
              "table_index": 1,
              "mappings": [
                {
                  "column_header": "WST_ID",
                  "column_index": 1,
                  "unit": "text",
                  "icasa": "WST_ID"
                },
                {
                  "column_header": "WST_LAT",
                  "column_index": 2,
                  "unit": "decimal_degrees",
                  "icasa": "WST_LAT"
                },
                {
                  "column_header": "WST_LONG",
                  "column_index": 3,
                  "unit": "decimal_degrees",
                  "icasa": "WST_LONG"
                },
                {
                  "column_header": "WST_ELEV",
                  "column_index": 4,
                  "unit": "m",
                  "icasa": "WST_ELEV"
                },
                {
                  "column_header": "TAV",
                  "column_index": 5,
                  "unit": "degree_C",
                  "icasa": "TAV"
                },
                {
                  "column_header": "TAMP",
                  "column_index": 6,
                  "unit": "degree_C",
                  "icasa": "TAMP"
                },
                {
                  "column_header": "REFHT",
                  "column_index": 7,
                  "unit": "m",
                  "icasa": "REFHT"
                },
                {
                  "column_header": "WNDHT",
                  "column_index": 8,
                  "unit": "m",
                  "icasa": "WNDHT"
                }
              ],
              "data_start_row": 3,
              "header_row": 1,
              "unit_row": 2
            },
            {
              "single_flg": false,
              "sheet_name": "WSTA-daily",
              "table_index": 1,
              "mappings": [
                {
                  "column_header": "WST_ID",
                  "column_index": 1,
                  "unit": "text",
                  "icasa": "WST_ID"
                },
                {
                  "column_header": "W_DATE",
                  "column_index": 2,
                  "unit": "date",
                  "icasa": "W_DATE"
                },
                {
                  "column_header": "SRAD",
                  "column_index": 3,
                  "unit": "MJ/m2/d",
                  "icasa": "SRAD"
                },
                {
                  "column_header": "TMAX",
                  "column_index": 4,
                  "unit": "degree_C",
                  "icasa": "TMAX"
                },
                {
                  "column_header": "TMIN",
                  "column_index": 5,
                  "unit": "degree_C",
                  "icasa": "TMIN"
                },
                {
                  "column_header": "RAIN",
                  "column_index": 6,
                  "unit": "mm",
                  "icasa": "RAIN"
                },
                {
                  "column_header": "PARD",
                  "column_index": 7,
                  "unit": "moles[quanta]/(m2.d)",
                  "icasa": "PARD"
                }
              ],
              "data_start_row": 3,
              "header_row": 1,
              "unit_row": 2
            }
          ]
        }
      }
    ]
  },
  "xrefs": []
}